dataset_id,metric_timestamp,metric_source,metric_name,metric_value,metric_unit,scrape_job,instance_placeholder,service_placeholder,feature_group,feature_name,normalized_value,anomaly_label_placeholder,evidence_reference
<dataset-id-placeholder>,<time-01>,<metric-source-placeholder>,http_health,1,boolean,<scrape-job-placeholder>,<instance-placeholder>,<service-placeholder>,HTTP service health,http_health,0.10,normal,<evidence-path>
<dataset-id-placeholder>,<time-02>,<metric-source-placeholder>,api_latency,120,milliseconds,<scrape-job-placeholder>,<instance-placeholder>,<service-placeholder>,API service latency,api_latency,0.20,normal,<evidence-path>
<dataset-id-placeholder>,<time-03>,<metric-source-placeholder>,load_balancer_health,1,boolean,<scrape-job-placeholder>,<instance-placeholder>,<service-placeholder>,Load balancer health,load_balancer_health,0.10,normal,<evidence-path>
<dataset-id-placeholder>,<time-04>,<metric-source-placeholder>,workload_readiness,0.95,ratio,<scrape-job-placeholder>,<instance-placeholder>,<service-placeholder>,Kubernetes workload readiness,workload_readiness,0.15,normal,<evidence-path>
<dataset-id-placeholder>,<time-05>,<metric-source-placeholder>,restart_count,1,count,<scrape-job-placeholder>,<instance-placeholder>,<service-placeholder>,Kubernetes restart count,restart_count,0.10,normal,<evidence-path>
<dataset-id-placeholder>,<time-06>,<metric-source-placeholder>,cpu_utilization,42,percent,<scrape-job-placeholder>,<instance-placeholder>,<service-placeholder>,CPU utilization,cpu_utilization,0.42,normal,<evidence-path>
<dataset-id-placeholder>,<time-07>,<metric-source-placeholder>,memory_utilization,51,percent,<scrape-job-placeholder>,<instance-placeholder>,<service-placeholder>,Memory utilization,memory_utilization,0.51,normal,<evidence-path>
<dataset-id-placeholder>,<time-08>,<metric-source-placeholder>,disk_utilization,36,percent,<scrape-job-placeholder>,<instance-placeholder>,<service-placeholder>,Disk utilization,disk_utilization,0.36,normal,<evidence-path>
<dataset-id-placeholder>,<time-09>,<metric-source-placeholder>,network_throughput,250,synthetic_units,<scrape-job-placeholder>,<instance-placeholder>,<service-placeholder>,Network throughput,network_throughput,0.25,normal,<evidence-path>
<dataset-id-placeholder>,<time-10>,<metric-source-placeholder>,target_availability,1,boolean,<scrape-job-placeholder>,<instance-placeholder>,<service-placeholder>,Prometheus target availability,target_availability,0.10,normal,<evidence-path>
<dataset-id-placeholder>,<time-11>,<metric-source-placeholder>,probe_success,1,boolean,<scrape-job-placeholder>,<instance-placeholder>,<service-placeholder>,Blackbox probe success,probe_success,0.10,normal,<evidence-path>
<dataset-id-placeholder>,<time-12>,<metric-source-placeholder>,database_availability,1,boolean,<scrape-job-placeholder>,<instance-placeholder>,<service-placeholder>,Database availability,database_availability,0.10,normal,<evidence-path>
<dataset-id-placeholder>,<time-13>,<metric-source-placeholder>,replication_lag,2,seconds,<scrape-job-placeholder>,<instance-placeholder>,<service-placeholder>,Replication lag,replication_lag,0.20,normal,<evidence-path>
<dataset-id-placeholder>,<time-14>,<metric-source-placeholder>,recovery_health,1,boolean,<scrape-job-placeholder>,<instance-placeholder>,<service-placeholder>,Backup restore health,recovery_health,0.10,normal,<evidence-path>
<dataset-id-placeholder>,<time-15>,<metric-source-placeholder>,api_latency,850,milliseconds,<scrape-job-placeholder>,<instance-placeholder>,<service-placeholder>,API service latency,api_latency,0.85,suspected_anomaly,<evidence-path>
<dataset-id-placeholder>,<time-16>,<metric-source-placeholder>,restart_count,8,count,<scrape-job-placeholder>,<instance-placeholder>,<service-placeholder>,Kubernetes restart count,restart_count,0.80,suspected_anomaly,<evidence-path>
<dataset-id-placeholder>,<time-17>,<metric-source-placeholder>,cpu_utilization,91,percent,<scrape-job-placeholder>,<instance-placeholder>,<service-placeholder>,CPU utilization,cpu_utilization,0.91,suspected_anomaly,<evidence-path>
<dataset-id-placeholder>,<time-18>,<metric-source-placeholder>,target_availability,0,boolean,<scrape-job-placeholder>,<instance-placeholder>,<service-placeholder>,Prometheus target availability,target_availability,1.00,suspected_anomaly,<evidence-path>
<dataset-id-placeholder>,<time-19>,<metric-source-placeholder>,replication_lag,45,seconds,<scrape-job-placeholder>,<instance-placeholder>,<service-placeholder>,Replication lag,replication_lag,0.90,suspected_anomaly,<evidence-path>
<dataset-id-placeholder>,<time-20>,<metric-source-placeholder>,network_throughput,500,synthetic_units,<scrape-job-placeholder>,<instance-placeholder>,<service-placeholder>,Network throughput,network_throughput,0.65,suspected_anomaly,<evidence-path>
