detection_run_id,dataset_id,metric_timestamp,feature_group,feature_name,metric_name,metric_value,normalized_value,baseline_value_placeholder,anomaly_score,threshold_reference,anomaly_decision,review_required,related_scenario,evidence_reference
<detection-run-id-placeholder>,<dataset-id-placeholder>,<time-01>,HTTP service health,http_health,http_health,1,0.10,<baseline-placeholder>,0.10,<threshold-profile-placeholder>,NORMAL,false,S040,<evidence-path>
<detection-run-id-placeholder>,<dataset-id-placeholder>,<time-02>,API service latency,api_latency,api_latency,120,0.20,<baseline-placeholder>,0.20,<threshold-profile-placeholder>,NORMAL,false,S040,<evidence-path>
<detection-run-id-placeholder>,<dataset-id-placeholder>,<time-03>,Load balancer health,load_balancer_health,load_balancer_health,1,0.10,<baseline-placeholder>,0.10,<threshold-profile-placeholder>,NORMAL,false,S040,<evidence-path>
<detection-run-id-placeholder>,<dataset-id-placeholder>,<time-04>,Kubernetes workload readiness,workload_readiness,workload_readiness,0.95,0.15,<baseline-placeholder>,0.15,<threshold-profile-placeholder>,NORMAL,false,S040,<evidence-path>
<detection-run-id-placeholder>,<dataset-id-placeholder>,<time-05>,Kubernetes restart count,restart_count,restart_count,1,0.10,<baseline-placeholder>,0.10,<threshold-profile-placeholder>,NORMAL,false,S036,<evidence-path>
<detection-run-id-placeholder>,<dataset-id-placeholder>,<time-06>,CPU utilization,cpu_utilization,cpu_utilization,42,0.42,<baseline-placeholder>,0.42,<threshold-profile-placeholder>,NORMAL,false,S048,<evidence-path>
<detection-run-id-placeholder>,<dataset-id-placeholder>,<time-07>,Memory utilization,memory_utilization,memory_utilization,51,0.51,<baseline-placeholder>,0.51,<threshold-profile-placeholder>,WARNING,true,S048,<evidence-path>
<detection-run-id-placeholder>,<dataset-id-placeholder>,<time-08>,Disk utilization,disk_utilization,disk_utilization,36,0.36,<baseline-placeholder>,0.36,<threshold-profile-placeholder>,NORMAL,false,S048,<evidence-path>
<detection-run-id-placeholder>,<dataset-id-placeholder>,<time-09>,Network throughput,network_throughput,network_throughput,250,0.25,<baseline-placeholder>,0.25,<threshold-profile-placeholder>,NORMAL,false,S048,<evidence-path>
<detection-run-id-placeholder>,<dataset-id-placeholder>,<time-10>,Prometheus target availability,target_availability,target_availability,1,0.10,<baseline-placeholder>,0.10,<threshold-profile-placeholder>,NORMAL,false,S036,<evidence-path>
<detection-run-id-placeholder>,<dataset-id-placeholder>,<time-11>,Blackbox probe success,probe_success,probe_success,1,0.10,<baseline-placeholder>,0.10,<threshold-profile-placeholder>,NORMAL,false,S048,<evidence-path>
<detection-run-id-placeholder>,<dataset-id-placeholder>,<time-12>,Database availability,database_availability,database_availability,1,0.10,<baseline-placeholder>,0.10,<threshold-profile-placeholder>,NORMAL,false,S040,<evidence-path>
<detection-run-id-placeholder>,<dataset-id-placeholder>,<time-13>,Replication lag,replication_lag,replication_lag,2,0.20,<baseline-placeholder>,0.20,<threshold-profile-placeholder>,NORMAL,false,S040,<evidence-path>
<detection-run-id-placeholder>,<dataset-id-placeholder>,<time-14>,Backup restore health,recovery_health,recovery_health,1,0.10,<baseline-placeholder>,0.10,<threshold-profile-placeholder>,NORMAL,false,S040,<evidence-path>
<detection-run-id-placeholder>,<dataset-id-placeholder>,<time-15>,API service latency,api_latency,api_latency,850,0.85,<baseline-placeholder>,0.85,<threshold-profile-placeholder>,ANOMALY_DETECTED,true,S040,<evidence-path>
<detection-run-id-placeholder>,<dataset-id-placeholder>,<time-16>,Kubernetes restart count,restart_count,restart_count,8,0.80,<baseline-placeholder>,0.80,<threshold-profile-placeholder>,ANOMALY_DETECTED,true,S036,<evidence-path>
<detection-run-id-placeholder>,<dataset-id-placeholder>,<time-17>,CPU utilization,cpu_utilization,cpu_utilization,91,0.91,<baseline-placeholder>,0.91,<threshold-profile-placeholder>,ANOMALY_DETECTED,true,S048,<evidence-path>
<detection-run-id-placeholder>,<dataset-id-placeholder>,<time-18>,Prometheus target availability,target_availability,target_availability,0,1.00,<baseline-placeholder>,1.00,<threshold-profile-placeholder>,ANOMALY_DETECTED,true,S036,<evidence-path>
<detection-run-id-placeholder>,<dataset-id-placeholder>,<time-19>,Replication lag,replication_lag,replication_lag,45,0.90,<baseline-placeholder>,0.90,<threshold-profile-placeholder>,ANOMALY_DETECTED,true,S040,<evidence-path>
<detection-run-id-placeholder>,<dataset-id-placeholder>,<time-20>,Network throughput,network_throughput,network_throughput,500,0.65,<baseline-placeholder>,0.65,<threshold-profile-placeholder>,REVIEW_REQUIRED,true,S048,<evidence-path>
