dataset_id,collected_at,collection_window_start,collection_window_end,metric_timestamp,metric_source,metric_name,metric_value,metric_unit,scrape_job,instance_placeholder,service_placeholder,environment_placeholder,feature_group,feature_name,normalized_value,anomaly_label_placeholder,collection_method,evidence_reference
<dataset-id-placeholder>,<collected-at-placeholder>,<window-start-placeholder>,<window-end-placeholder>,<metric-time-01>,<metric-source-placeholder>,http_health,1,boolean,<scrape-job-placeholder>,<instance-placeholder>,<service-placeholder>,<environment-placeholder>,HTTP service health,http_health,0.10,normal,synthetic_sample,<evidence-path>
<dataset-id-placeholder>,<collected-at-placeholder>,<window-start-placeholder>,<window-end-placeholder>,<metric-time-02>,<metric-source-placeholder>,api_latency,120,milliseconds,<scrape-job-placeholder>,<instance-placeholder>,<service-placeholder>,<environment-placeholder>,API service latency,api_latency,0.20,normal,synthetic_sample,<evidence-path>
<dataset-id-placeholder>,<collected-at-placeholder>,<window-start-placeholder>,<window-end-placeholder>,<metric-time-03>,<metric-source-placeholder>,load_balancer_health,1,boolean,<scrape-job-placeholder>,<instance-placeholder>,<service-placeholder>,<environment-placeholder>,Load balancer health,load_balancer_health,0.10,normal,synthetic_sample,<evidence-path>
<dataset-id-placeholder>,<collected-at-placeholder>,<window-start-placeholder>,<window-end-placeholder>,<metric-time-04>,<metric-source-placeholder>,workload_readiness,0.95,ratio,<scrape-job-placeholder>,<instance-placeholder>,<service-placeholder>,<environment-placeholder>,Kubernetes workload readiness,workload_readiness,0.15,normal,synthetic_sample,<evidence-path>
<dataset-id-placeholder>,<collected-at-placeholder>,<window-start-placeholder>,<window-end-placeholder>,<metric-time-05>,<metric-source-placeholder>,restart_count,1,count,<scrape-job-placeholder>,<instance-placeholder>,<service-placeholder>,<environment-placeholder>,Kubernetes restart count,restart_count,0.10,normal,synthetic_sample,<evidence-path>
<dataset-id-placeholder>,<collected-at-placeholder>,<window-start-placeholder>,<window-end-placeholder>,<metric-time-06>,<metric-source-placeholder>,cpu_utilization,42,percent,<scrape-job-placeholder>,<instance-placeholder>,<service-placeholder>,<environment-placeholder>,CPU utilization,cpu_utilization,0.42,normal,synthetic_sample,<evidence-path>
<dataset-id-placeholder>,<collected-at-placeholder>,<window-start-placeholder>,<window-end-placeholder>,<metric-time-07>,<metric-source-placeholder>,memory_utilization,51,percent,<scrape-job-placeholder>,<instance-placeholder>,<service-placeholder>,<environment-placeholder>,Memory utilization,memory_utilization,0.51,normal,synthetic_sample,<evidence-path>
<dataset-id-placeholder>,<collected-at-placeholder>,<window-start-placeholder>,<window-end-placeholder>,<metric-time-08>,<metric-source-placeholder>,disk_utilization,36,percent,<scrape-job-placeholder>,<instance-placeholder>,<service-placeholder>,<environment-placeholder>,Disk utilization,disk_utilization,0.36,normal,synthetic_sample,<evidence-path>
<dataset-id-placeholder>,<collected-at-placeholder>,<window-start-placeholder>,<window-end-placeholder>,<metric-time-09>,<metric-source-placeholder>,network_throughput,250,synthetic_units,<scrape-job-placeholder>,<instance-placeholder>,<service-placeholder>,<environment-placeholder>,Network throughput,network_throughput,0.25,unknown,synthetic_sample,<evidence-path>
<dataset-id-placeholder>,<collected-at-placeholder>,<window-start-placeholder>,<window-end-placeholder>,<metric-time-10>,<metric-source-placeholder>,target_availability,1,boolean,<scrape-job-placeholder>,<instance-placeholder>,<service-placeholder>,<environment-placeholder>,Prometheus target availability,target_availability,0.10,normal,synthetic_sample,<evidence-path>
<dataset-id-placeholder>,<collected-at-placeholder>,<window-start-placeholder>,<window-end-placeholder>,<metric-time-11>,<metric-source-placeholder>,probe_success,1,boolean,<scrape-job-placeholder>,<instance-placeholder>,<service-placeholder>,<environment-placeholder>,Blackbox probe success,probe_success,0.10,normal,synthetic_sample,<evidence-path>
<dataset-id-placeholder>,<collected-at-placeholder>,<window-start-placeholder>,<window-end-placeholder>,<metric-time-12>,<metric-source-placeholder>,database_availability,1,boolean,<scrape-job-placeholder>,<instance-placeholder>,<service-placeholder>,<environment-placeholder>,Database availability,database_availability,0.10,normal,synthetic_sample,<evidence-path>
<dataset-id-placeholder>,<collected-at-placeholder>,<window-start-placeholder>,<window-end-placeholder>,<metric-time-13>,<metric-source-placeholder>,replication_lag,2,seconds,<scrape-job-placeholder>,<instance-placeholder>,<service-placeholder>,<environment-placeholder>,Replication lag,replication_lag,0.20,normal,synthetic_sample,<evidence-path>
<dataset-id-placeholder>,<collected-at-placeholder>,<window-start-placeholder>,<window-end-placeholder>,<metric-time-14>,<metric-source-placeholder>,recovery_health,1,boolean,<scrape-job-placeholder>,<instance-placeholder>,<service-placeholder>,<environment-placeholder>,Backup/restore reference health,recovery_health,0.10,normal,synthetic_sample,<evidence-path>
<dataset-id-placeholder>,<collected-at-placeholder>,<window-start-placeholder>,<window-end-placeholder>,<metric-time-15>,<metric-source-placeholder>,api_latency,850,milliseconds,<scrape-job-placeholder>,<instance-placeholder>,<service-placeholder>,<environment-placeholder>,API service latency,api_latency,0.85,suspected_anomaly,synthetic_sample,<evidence-path>
<dataset-id-placeholder>,<collected-at-placeholder>,<window-start-placeholder>,<window-end-placeholder>,<metric-time-16>,<metric-source-placeholder>,restart_count,8,count,<scrape-job-placeholder>,<instance-placeholder>,<service-placeholder>,<environment-placeholder>,Kubernetes restart count,restart_count,0.80,suspected_anomaly,synthetic_sample,<evidence-path>
<dataset-id-placeholder>,<collected-at-placeholder>,<window-start-placeholder>,<window-end-placeholder>,<metric-time-17>,<metric-source-placeholder>,cpu_utilization,91,percent,<scrape-job-placeholder>,<instance-placeholder>,<service-placeholder>,<environment-placeholder>,CPU utilization,cpu_utilization,0.91,suspected_anomaly,synthetic_sample,<evidence-path>
<dataset-id-placeholder>,<collected-at-placeholder>,<window-start-placeholder>,<window-end-placeholder>,<metric-time-18>,<metric-source-placeholder>,target_availability,0,boolean,<scrape-job-placeholder>,<instance-placeholder>,<service-placeholder>,<environment-placeholder>,Prometheus target availability,target_availability,1.00,suspected_anomaly,synthetic_sample,<evidence-path>
<dataset-id-placeholder>,<collected-at-placeholder>,<window-start-placeholder>,<window-end-placeholder>,<metric-time-19>,<metric-source-placeholder>,replication_lag,45,seconds,<scrape-job-placeholder>,<instance-placeholder>,<service-placeholder>,<environment-placeholder>,Replication lag,replication_lag,0.90,suspected_anomaly,synthetic_sample,<evidence-path>
<dataset-id-placeholder>,<collected-at-placeholder>,<window-start-placeholder>,<window-end-placeholder>,<metric-time-20>,<metric-source-placeholder>,network_throughput,500,synthetic_units,<scrape-job-placeholder>,<instance-placeholder>,<service-placeholder>,<environment-placeholder>,Network throughput,network_throughput,0.50,unknown,synthetic_sample,<evidence-path>
